holder,tx_to_router,fails,success,fail_rate,max_consecutive_fails,avg_gas_failed,total_gas_waste_eth,clusters_2h_count,sell_txs,sell_fail_rate,first_tx,last_tx
0xb8be5256edcd6c9da1a0f74b615a2f9403382730,66,6,60,0.0909,2,138159.0,0.112678,0,18,0.1111,2021-03-20 08:15:19+00:00,2022-04-30 03:04:29+00:00
0xbf9796c7bda596420896cf9bb61ef36fa56f92d8,1058,71,987,0.0671,3,212442.0,1.261361,6,180,0.0389,2021-09-14 23:48:57+00:00,2024-12-01 22:33:35+00:00
0xf8af2f0f3435a1f906f4961b0ace1a76d0c06ece,16,5,11,0.3125,2,125811.0,0.05126,0,1,0.0,2020-09-20 02:41:51+00:00,2021-12-20 01:27:46+00:00
0x26011974d9919ba43c83b5c89a5d8f99ee7387f2,49,8,41,0.1633,5,104024.0,0.120032,1,11,0.0909,2020-09-09 20:35:11+00:00,2022-12-27 22:37:35+00:00
0xcbc26ec2e214498ce08b7765e10a074b0b69444c,36,7,29,0.1944,2,95993.0,0.126869,0,4,0.0,2021-08-25 02:27:10+00:00,2024-12-16 09:01:59+00:00
0x3a565f0e5a905fff3e9ffd33a27114d0d7c73283,129,8,121,0.062,2,56860.0,0.033835,0,13,0.0,2021-04-16 09:41:24+00:00,2023-01-18 07:03:23+00:00
0xe615ea74b1512838acf8c2af3a274d46da983617,3,1,2,0.3333,1,31489.0,0.004879,0,0,0.0,2021-11-13 02:58:48+00:00,2021-11-16 19:47:16+00:00
0x37a5ea319cf110278960eaa73995bd0cd63f0039,130,12,118,0.0923,3,268506.0,0.31638,1,13,0.2308,2021-01-06 08:00:40+00:00,2023-05-25 02:01:59+00:00
0x64622e1058d418b44fee143ca2d4661bc830bf07,337,35,302,0.1039,4,134566.0,0.17228,2,3,0.3333,2021-07-20 00:22:25+00:00,2025-04-22 03:14:35+00:00
0x1111903697fafd2585f21c2e6618cd598d5737a4,111,15,96,0.1351,4,94205.0,0.478207,2,19,0.0526,2021-11-02 22:19:25+00:00,2022-01-14 13:59:33+00:00
0x94171eed4f9e2eaacb7d87e5cb0271f3243a285c,120,5,115,0.0417,1,241391.0,0.053774,0,1,0.0,2021-09-16 18:53:18+00:00,2024-02-21 05:12:59+00:00
0xf1734109778ff78c0976f1ad235952a6bd244c03,28,2,26,0.0714,1,101994.0,0.028375,0,6,0.0,2021-08-10 11:35:09+00:00,2021-11-30 22:45:38+00:00
0xd8da6bf26964af9d7eed9e03e53415d37aa96045,18,0,18,0.0,0,0.0,0.0,0,0,0.0,2022-05-15 18:04:19+00:00,2023-12-23 11:06:47+00:00
0x7fb615fc9d0db8faaa8916883f6dfe089bbf72ab,677,124,553,0.1832,4,193798.0,1.200706,13,10,0.1,2021-08-11 13:59:23+00:00,2023-11-12 21:16:47+00:00
0xb1a50f5c0ca710d7e26f38d18b2ec257ba6c285d,54,8,46,0.1481,1,67399.0,0.126094,0,6,0.0,2021-06-29 07:09:25+00:00,2023-11-16 15:46:47+00:00
0x49205e7f66591d3742bdf61b5477dd5579896e9a,52,3,49,0.0577,1,202348.0,0.066109,0,4,0.0,2021-05-16 22:54:20+00:00,2024-11-19 23:44:59+00:00
0xa5fa1a4faf0914cac20ae80e7700ac220cb139eb,570,65,505,0.114,7,173809.0,0.860607,5,46,0.0652,2021-10-15 12:57:24+00:00,2022-06-14 22:26:45+00:00
0xc13ce81feab5fc3d0fc636e1d6c0405010381e5f,107,5,102,0.0467,1,169722.0,0.127376,0,8,0.125,2021-07-15 02:32:22+00:00,2023-07-19 17:44:35+00:00
0x86cfe5b9d71a61eb489fb323d8b839d89983fb37,215,42,173,0.1953,4,282245.0,1.552041,5,15,0.0667,2021-09-25 20:30:09+00:00,2023-04-06 09:07:11+00:00
0x2e4ac9317e6f3185b2b123e5aac14340ca033bee,140,13,127,0.0929,3,163184.0,0.190298,1,15,0.1333,2021-02-21 09:56:27+00:00,2022-10-31 16:17:11+00:00
0x1ba6b82641c77ab1fc7bc734c5c3628199a8967d,388,42,346,0.1082,13,113502.0,0.332587,1,26,0.1538,2020-08-27 13:53:34+00:00,2024-12-17 15:11:11+00:00
0x75b6ff841fca5467272d1f4769f9ee5685a4ef20,279,16,263,0.0573,2,118635.0,0.342445,0,9,0.3333,2021-03-18 20:06:03+00:00,2025-05-29 09:59:59+00:00
0x1fd33b23ef81fae63cb84c200621ff81f955dcf3,49,3,46,0.0612,1,213501.0,0.082887,0,0,0.0,2021-10-19 01:37:18+00:00,2023-08-16 04:00:23+00:00
0x1111111254fb6c44bac0bed2854e76f90643097d,9999,1543,8456,0.1543,7,215930.0,56.410289,24,0,0.0,2021-11-07 11:57:54+00:00,2021-11-12 16:01:24+00:00
0xa6b93d008dcb2031c2567fb112b0ff3ce528c974,36,0,36,0.0,0,0.0,0.0,0,6,0.0,2021-04-21 17:03:27+00:00,2025-09-06 09:51:59+00:00
0x24d0db7e182fcd29ddea14c04bcb182c89cbb0c0,484,29,455,0.0599,2,139946.0,0.404507,3,64,0.0312,2020-06-24 01:36:54+00:00,2025-07-05 04:55:59+00:00
0x58077bc939e7d5464f022a483b53ffe3a0bedcb1,67,5,62,0.0746,2,154410.0,0.133682,1,3,0.3333,2021-07-23 05:09:35+00:00,2024-02-19 19:33:11+00:00
0x620064a9db9a6eb629b675a8bfe7612127b741e6,28,2,26,0.0714,1,81745.0,0.018796,0,5,0.2,2020-10-12 14:10:35+00:00,2024-12-02 23:23:11+00:00
0x9e8d457b163b67794f81bab2b194fe2c7a8c498c,175,18,157,0.1029,2,40248.0,0.086031,0,12,0.0,2021-01-24 15:17:29+00:00,2025-09-21 15:36:47+00:00
0xbd7ea7c975cc23049ac31968c764af012ce45f58,394,66,328,0.1675,4,50534.0,0.409286,6,130,0.1615,2020-06-09 01:04:45+00:00,2023-11-02 02:42:11+00:00
0x8efef6b061bda1a1712db316e059cbc8ebdcae4d,764,126,638,0.1649,4,100035.0,1.548928,15,98,0.1429,2020-08-29 19:10:02+00:00,2024-09-05 02:21:59+00:00
0x061600d3515b387d562504eed5a1a485f9ae0ee4,124,24,100,0.1935,2,127912.0,0.381131,0,17,0.1176,2021-07-26 21:24:44+00:00,2024-07-12 02:41:59+00:00
0x8c17d8cb570389dc03a58775084a148ce85f15c9,135,20,115,0.1481,3,81271.0,0.143109,2,33,0.1212,2020-08-20 05:10:44+00:00,2021-11-14 09:34:33+00:00
0x44d2b5f80d8843086a3d7f85a3a28e51291a0ab4,5,2,3,0.4,1,153438.0,0.051488,0,2,0.5,2021-11-13 01:41:36+00:00,2021-11-18 00:53:04+00:00
0xdfda503c158f75332095e345f00a8a5babfd3305,12,3,9,0.25,2,128724.0,0.071553,0,4,0.25,2021-11-12 03:48:53+00:00,2021-12-24 20:03:50+00:00
0x9a568bfeb8cb19e4bafcb57ee69498d57d9591ca,1354,215,1139,0.1588,12,74627.0,2.330392,20,383,0.201,2020-06-08 10:34:19+00:00,2024-11-06 21:37:11+00:00
0x5d40ed5a4bf98776938f2819d2bb89d81dbca3cd,81,6,75,0.0741,2,31494.0,0.012597,0,16,0.0625,2020-12-10 15:15:50+00:00,2022-08-22 06:42:45+00:00
0x0f16a0c8f580cf2f057b4fd23985fd4d0b7787e8,36,7,29,0.1944,2,294566.0,0.263867,0,1,0.0,2021-08-09 01:09:53+00:00,2022-12-15 03:28:47+00:00
0x7302bc5b47f5588174a148c90747a88cb528a8c1,204,18,186,0.0882,3,80522.0,0.158955,1,30,0.0667,2020-08-29 12:18:50+00:00,2023-04-15 10:19:11+00:00
0x90bf0aba1831bee5380a53cebaf443f8dce7330c,2257,230,2027,0.1019,7,238006.0,7.479954,21,16,0.25,2021-08-04 19:54:49+00:00,2024-04-03 17:17:23+00:00
0x89fca99d926bade5eb54226c57b439096d579b35,931,59,872,0.0634,3,65209.0,0.593717,7,128,0.1172,2021-03-20 01:53:48+00:00,2023-01-03 03:17:47+00:00
0xbd008b340d87ef9042090cc33f81ddce4af682a1,6,1,5,0.1667,1,121496.0,0.018224,0,0,0.0,2021-11-13 07:56:34+00:00,2021-11-24 19:23:34+00:00
0x92e9b91aa2171694d740e7066f787739ca1af9de,496,67,429,0.1351,5,131709.0,1.805045,6,46,0.0435,2021-01-19 02:06:46+00:00,2023-04-24 04:21:59+00:00
0xd870b3fcd2ca9d1d374a6f95a31d6612f58d6251,21,2,19,0.0952,2,45021.0,0.00847,0,0,0.0,2021-10-14 07:00:46+00:00,2023-01-13 19:05:47+00:00
0xc1b172595ddc335a9dd80b50117e457ce124bc36,84,1,83,0.0119,1,24484.0,0.004897,0,1,0.0,2021-06-24 10:45:11+00:00,2023-01-02 06:02:23+00:00
0xa92127a7c09af116f6dbcafb626a3067a49407e4,24,5,19,0.2083,1,78516.0,0.046493,0,1,0.0,2021-10-15 23:52:44+00:00,2022-12-24 00:41:11+00:00
0x74f22345c476b22f4bbd926889ed2ab2284bdaa9,16,4,12,0.25,2,101392.0,0.039433,0,3,0.3333,2020-12-31 22:19:08+00:00,2022-01-23 16:35:06+00:00
0xc716b29de71da04ef492cdf79d12ed251def7914,893,103,790,0.1153,5,133935.0,0.708291,13,58,0.0862,2021-01-28 05:32:03+00:00,2024-01-07 21:45:59+00:00
0x475c3d8ed09774069d028b4bc009fecb07f2517d,205,49,156,0.239,4,80838.0,0.465222,4,27,0.1481,2021-04-23 22:51:31+00:00,2023-04-18 18:11:11+00:00
0xfe2c035c4ef0cd0da0b4629ec6d9680c8a97b934,65,4,61,0.0615,1,31420.0,0.006982,0,11,0.0,2020-08-10 21:43:25+00:00,2022-11-30 19:18:11+00:00
0xcabf75bf03c400163dea9f1fc5cc0d5bc67a1e6e,1542,114,1428,0.0739,4,77227.0,0.586544,3,309,0.0485,2020-09-22 08:48:58+00:00,2022-11-04 17:14:35+00:00
0x9c401e2fb4144c9680cc4aafeeadeb0db997f312,59,4,55,0.0678,2,27686.0,0.010842,0,5,0.2,2021-09-17 01:54:43+00:00,2022-11-06 23:35:35+00:00
0x085e98cd14e00f9fc3e9f670e1740f954124e824,497,77,420,0.1549,4,100811.0,1.467302,8,153,0.1307,2021-08-14 03:17:44+00:00,2022-05-05 17:40:58+00:00
0x775a7d622153a239a558ea71018309b116e0a4c0,99,6,93,0.0606,2,111856.0,0.039743,0,3,0.3333,2021-01-10 23:43:00+00:00,2024-12-23 10:10:59+00:00
0x07e1a8b3d98f9c0fbfd77dabaab428f127334a49,3,1,2,0.3333,1,31477.0,0.004876,0,0,0.0,2021-11-07 22:05:32+00:00,2021-11-13 02:38:26+00:00
0x8ffa0d06200c8613454d16a33b4a3583f6c5d369,0,0,0,0.0,0,0.0,0.0,0,0,0.0,,
0xa7c4cea7f9263ceabb958118636929521b61ec80,753,79,674,0.1049,3,102723.0,1.354579,8,28,0.0,2020-06-10 01:05:42+00:00,2024-10-08 00:42:47+00:00
0xa3d83ca657170c10f50c81cf49b1e86a81f0e815,381,23,358,0.0604,3,225079.0,0.228413,2,103,0.0,2021-11-11 18:48:28+00:00,2023-07-31 23:56:59+00:00
0xf817554cc4ca4fe435dbf43bd1bacf0d7b0f38d7,311,42,269,0.135,5,139373.0,0.487064,3,37,0.0811,2020-12-11 03:05:11+00:00,2024-03-03 07:41:47+00:00
0xf9d03e4b72efde0a1536c573802f5daec00f8a31,19,7,12,0.3684,4,53016.0,0.055652,1,1,0.0,2021-10-13 02:03:22+00:00,2024-02-07 21:08:23+00:00
0x7abc25c069c8194e6b501782c57904a8ed940a57,224,43,181,0.192,3,181503.0,0.813567,3,14,0.2143,2021-03-10 14:29:19+00:00,2023-05-13 02:20:35+00:00
0x660f26fbc540ec5def5639a7a6018869298590cc,16,3,13,0.1875,2,28887.0,0.014481,0,7,0.1429,2020-12-02 15:19:15+00:00,2024-01-08 09:37:47+00:00
0x07baad937efcf9963bf32332a8c3a8e8a5628ed4,147,27,120,0.1837,4,69129.0,0.220828,3,27,0.1852,2020-08-01 03:23:11+00:00,2022-10-04 05:01:23+00:00
0x1b66e0b630fb156e0718cfdd710c9824cf97c0ff,0,0,0,0.0,0,0.0,0.0,0,0,0.0,,
0xca949bc917ff93bea259d1751a1af1908c69d969,445,48,397,0.1079,3,205096.0,0.436082,2,2,0.0,2021-07-16 13:20:34+00:00,2025-03-05 22:51:35+00:00
0xe6e52ab3b5d4da827d06947582d712eaa4579532,143,18,125,0.1259,4,349405.0,1.167768,2,40,0.1,2021-10-14 11:45:25+00:00,2022-06-04 21:28:24+00:00
0x58215685e906bf1bf64648388398cf96eb222c6b,8,3,5,0.375,2,32635.0,0.016741,0,0,0.0,2021-11-12 03:54:33+00:00,2025-07-24 01:04:59+00:00
0x2e509695ab22360f0ba219539dbf1876092bae4e,152,17,135,0.1118,2,88202.0,0.242512,2,37,0.0811,2021-01-16 16:42:58+00:00,2024-02-19 01:52:35+00:00
0xdefa2e9a66721e855571f4c7082832186405632f,10,1,9,0.1,1,279665.0,0.021542,0,0,0.0,2021-03-03 21:52:48+00:00,2023-01-12 03:46:11+00:00
0x9de7078fc32f535d739d1f021d26421c20fb0539,46,5,41,0.1087,2,64299.0,0.059044,0,10,0.2,2021-10-02 16:32:54+00:00,2022-03-18 16:43:41+00:00
0x32b1d07b8dcb6ceae508ccd1c87d23e3a9faedf4,226,34,192,0.1504,4,106752.0,0.221639,3,53,0.1509,2021-01-18 06:40:15+00:00,2022-06-30 05:39:39+00:00
0xa961212b8e5dd758a8ea2c8efac122901b9ab332,121,15,106,0.124,3,144760.0,0.136128,1,9,0.1111,2021-09-16 15:59:50+00:00,2023-06-30 05:47:59+00:00
0x189ecebfa5d3c5ea82d5172b1069c3305a0a149a,298,23,275,0.0772,2,159693.0,0.275422,0,12,0.0833,2021-07-19 08:41:01+00:00,2024-06-19 05:33:47+00:00
0x87e4322a9aecfbc8d374462657ae014f9965d627,159,11,148,0.0692,2,244160.0,0.194035,0,5,0.0,2021-07-23 23:37:32+00:00,2024-07-02 17:05:47+00:00
0x9c289661c10b2423027fb0b596d9b40e8683210c,54,9,45,0.1667,2,215152.0,0.136783,1,14,0.1429,2021-11-12 13:01:25+00:00,2022-11-06 01:44:35+00:00
0x6937a767422c879a90ccb1765c0370431a87f70a,1150,267,883,0.2322,7,51688.0,1.828913,34,292,0.1781,2020-08-09 02:43:03+00:00,2022-08-30 06:52:20+00:00
0x74de5d4fcbf63e00296fd95d33236b9794016631,0,0,0,0.0,0,0.0,0.0,0,0,0.0,,
0x04e67fed060d12e8ab391809aab60196e406be8a,279,18,261,0.0645,3,116471.0,0.13296,1,45,0.0667,2020-08-28 06:05:17+00:00,2024-09-05 05:23:35+00:00
0xa8f562a1b7faddc0392ae79835c8cc20b3d46197,468,46,422,0.0983,3,152779.0,0.372468,4,70,0.0429,2021-07-19 00:43:40+00:00,2025-02-19 20:22:59+00:00
0x167ec339e5539100bc453ac349f012e194bf85a3,614,46,568,0.0749,4,133892.0,0.52236,3,208,0.0913,2020-08-19 04:09:53+00:00,2024-03-15 04:42:59+00:00
0x0ca85bd18e9ec3c77d64c08e556340d4b7c35e09,3,0,3,0.0,0,0.0,0.0,0,0,0.0,2022-03-18 11:32:51+00:00,2024-01-06 18:48:35+00:00
0x94e0c714fad746ac9e220e1b9396771c1fa7a236,20,1,19,0.05,1,130637.0,0.022711,0,0,0.0,2021-07-17 21:58:33+00:00,2022-12-23 15:35:35+00:00
0x6d0d01823ce9703a190276dc39a9b912814b5a26,1,0,1,0.0,0,0.0,0.0,0,0,0.0,2021-11-13 03:30:05+00:00,2021-11-13 03:30:05+00:00
0xdffef5d853e5e1dad3b909e37ba2dae94087c3cc,246,9,237,0.0366,2,154029.0,0.052637,0,0,0.0,2021-08-17 20:46:29+00:00,2025-04-13 19:45:47+00:00
0x96ada1ffb3c43971abf388db69c5623f761c5997,25,2,23,0.08,1,210856.0,0.042053,0,2,0.0,2021-08-17 18:17:26+00:00,2022-03-02 15:07:09+00:00
0xe578b85c3b6b16f8a78752c1eb229e3f12c3292a,227,28,199,0.1233,3,63414.0,0.282921,4,56,0.125,2021-05-09 15:13:11+00:00,2022-05-22 11:41:58+00:00
0x95b9b364fec724a26b38d940d4c4862516ec0b3c,222,23,199,0.1036,2,204359.0,0.760864,1,51,0.0196,2021-08-22 07:19:53+00:00,2023-01-09 15:00:59+00:00
0x498f69b009f4e9f89f220a5d6104c165aed706a2,360,36,324,0.1,2,175411.0,0.470583,2,7,0.0,2021-05-27 03:11:16+00:00,2024-02-19 01:07:35+00:00
0xe5418b07f7842002d9d13e9dbb4c70c7666d750f,416,86,330,0.2067,5,93135.0,0.677952,6,105,0.2286,2020-08-12 18:04:39+00:00,2025-01-26 08:41:35+00:00
0x2767beb4eff722333675e0c1a837051597745ef9,528,199,329,0.3769,23,159955.0,4.418623,21,17,0.1176,2021-08-27 10:08:34+00:00,2022-05-13 05:16:49+00:00
0x7a250d5630b4cf539739df2c5dacb4c659f2488d,9999,2431,7568,0.2431,17,49023.0,4.828403,14,2567,0.1562,2020-06-05 22:30:46+00:00,2020-06-07 02:36:35+00:00
0xe0c28814814a69ae965c4bd6294fe4259151c889,80,12,68,0.15,2,59098.0,0.099107,0,23,0.1304,2020-07-19 06:27:14+00:00,2025-07-25 00:42:35+00:00
0xa4c6d076fd96cf9c176c6b8a2a78f21454500704,135,16,119,0.1185,2,186551.0,0.364414,2,52,0.1538,2021-11-02 09:14:47+00:00,2022-11-24 01:28:59+00:00
0x445f2583bb86583d02a93b52e91c90b5144ea281,0,0,0,0.0,0,0.0,0.0,0,0,0.0,,
0x2fc3d3dd9b8bfa7d156235b01859fa9d7fccccf1,1,0,1,0.0,0,0.0,0.0,0,0,0.0,2021-11-13 03:40:04+00:00,2021-11-13 03:40:04+00:00
0x4f1b6dde43c46d1bd5254f93ceb87e706f9d3cf1,376,62,314,0.1649,5,175185.0,1.309536,6,90,0.1778,2021-05-05 13:00:23+00:00,2023-01-26 07:16:59+00:00
0xcbfab6e97b757c13bd77822a8e2c730de3a9e9c4,179,40,139,0.2235,3,134328.0,0.593393,3,49,0.3469,2021-06-24 07:32:23+00:00,2022-05-22 03:45:17+00:00
0x7fd4ef1e5d1e37169125cb0276156f17748b4eef,29,7,22,0.2414,3,25019.0,0.02861,2,1,0.0,2021-04-04 19:29:02+00:00,2022-11-01 05:54:11+00:00
0x59216b2e95734dbe1144eaabbca556ced214439a,42,3,39,0.0714,2,58917.0,0.027494,0,0,0.0,2021-06-28 21:19:43+00:00,2025-04-05 22:39:35+00:00
0x86fc7820ef00ef076d8b89877434e58afd8cb0c2,0,0,0,0.0,0,0.0,0.0,0,0,0.0,,
0xec7b7a7d8e5427e38c1cf57488c1d652924ff65a,723,116,607,0.1604,4,100885.0,1.05995,15,260,0.1385,2021-05-31 01:42:41+00:00,2023-02-22 19:20:59+00:00
0x203412ea53fd1eaa741befde110870c333d18843,93,9,84,0.0968,1,144867.0,0.09045,0,7,0.1429,2021-10-28 00:14:17+00:00,2022-08-18 22:06:06+00:00
0xbbbfb3071fbcaae54b88bb3016d6ad464c0335d5,225,46,179,0.2044,4,70374.0,0.269689,4,11,0.0909,2020-07-29 16:47:23+00:00,2022-06-10 03:19:19+00:00
0xea4753b1a2cff09d030a866ebb83691ce20d77ee,6,0,6,0.0,0,0.0,0.0,0,0,0.0,2021-06-04 00:29:55+00:00,2021-11-13 02:52:27+00:00
0x1563547dd0c62a802779bf55af1184e65bb1a6e5,151,28,123,0.1854,2,46122.0,0.195641,1,6,0.3333,2021-02-24 13:42:00+00:00,2024-03-01 13:26:11+00:00
0xac334fd2355ed58cfc89b69ef9bc9656a9d818e7,33,2,31,0.0606,1,280009.0,0.089525,0,3,0.0,2021-03-14 01:42:52+00:00,2023-08-25 22:29:35+00:00
0x60acf2c45ea88ebb5a60c8efc824876f1813bf27,16,2,14,0.125,1,242174.0,0.093308,0,2,0.0,2021-08-25 23:44:11+00:00,2021-11-20 03:04:24+00:00
0xb0e412bba89dafd1e78cb8131dee4d0edf09b955,54,9,45,0.1667,2,175065.0,0.092114,1,18,0.2778,2021-07-06 21:59:31+00:00,2021-12-11 02:38:44+00:00
0x62c72c74c8f8d0c94ff4e43293b3200e79e3712e,186,18,168,0.0968,2,66102.0,0.143778,0,48,0.1042,2021-02-05 03:41:03+00:00,2024-01-29 20:49:23+00:00
0x52bd9009bacd679f210178b9430dfa0b84317978,987,143,844,0.1449,3,119938.0,2.045705,19,15,0.1333,2020-07-19 07:04:16+00:00,2022-12-18 04:36:11+00:00
0x2918e79cf144dec019e925049f5f0c7292c78d3d,178,28,150,0.1573,5,52948.0,0.062025,2,43,0.1395,2021-05-02 11:19:11+00:00,2023-02-08 03:07:23+00:00
0x8982a82a77eaf1cd6f490b67ad982304ecc590af,349,92,257,0.2636,10,65810.0,0.991862,10,90,0.1778,2020-07-24 03:12:53+00:00,2022-07-04 02:23:01+00:00
0xe74f6fe753d91883c3f7e97c1dcc5b9f0ce6ab32,13,2,11,0.1538,1,116666.0,0.028486,0,0,0.0,2021-05-16 22:19:42+00:00,2025-06-05 04:30:59+00:00
0xffd68bb1b7882019b394a4efdd007a6e1b5ece5e,380,71,309,0.1868,6,187589.0,1.374927,4,28,0.1786,2020-09-30 11:00:54+00:00,2024-12-20 01:47:47+00:00
0x4e383adfad8a892cfde182eba4aef26d04be1679,129,10,119,0.0775,2,123532.0,0.147103,0,23,0.1739,2021-09-04 15:54:10+00:00,2024-02-14 07:13:59+00:00
0xe357cd8db7f82cedf57447877d8c0e2bb31e3cc8,15,0,15,0.0,0,0.0,0.0,0,0,0.0,2021-10-27 21:14:08+00:00,2025-02-15 03:18:59+00:00
0x11360f0c5552443b33720a44408aba01a809905e,275,36,239,0.1309,3,174461.0,0.679109,4,27,0.037,2021-06-26 21:57:38+00:00,2025-05-25 20:41:11+00:00
0x34bae525ff0f2cb2c15f43b21376484b4bf7656c,36,0,36,0.0,0,0.0,0.0,0,2,0.0,2021-07-21 01:07:36+00:00,2022-02-18 09:19:09+00:00
0x210883abc7fd9e65fc9d25ee691f08ba9648053a,141,3,138,0.0213,2,101991.0,0.03176,0,12,0.0,2021-09-28 20:12:46+00:00,2023-07-15 18:52:47+00:00
0xf76f29af7b807aadfe1e279225284765be5de3d1,69,5,64,0.0725,3,29284.0,0.01266,1,17,0.0,2020-12-21 07:14:16+00:00,2025-02-24 04:26:47+00:00
0xd850bcfbce1b434ab1d7f6d7b453b5199b7c1ade,162,40,122,0.2469,4,77749.0,0.244331,3,33,0.2424,2020-11-26 16:53:36+00:00,2022-11-17 01:44:23+00:00
0x34eced1a67b27cbec2dca6f50f00e251111f2587,104,8,96,0.0769,3,106767.0,0.11721,1,2,0.0,2021-03-01 19:32:46+00:00,2025-09-25 22:17:35+00:00
0xb6f795142f4d5f0cfc4961a5e034d9d7463262d3,1226,117,1109,0.0954,4,94143.0,1.517795,10,389,0.0514,2020-08-12 02:32:49+00:00,2022-08-05 14:02:37+00:00
0xe2a4e3cc23fa48847dab8ddfadd270d347a81930,138,9,129,0.0652,1,112484.0,0.093957,0,9,0.1111,2021-02-08 00:44:57+00:00,2024-12-30 21:34:23+00:00
0x61e511d135f4c5495c33fe12d90fbdafcc4e8e07,51,7,44,0.1373,3,192765.0,0.168227,1,6,0.1667,2021-09-03 15:20:10+00:00,2022-11-23 18:14:23+00:00
0x5c59653e40e88adce94129afc16631262c1e2cf4,10,1,9,0.1,1,96865.0,0.010171,0,1,0.0,2021-04-10 02:49:09+00:00,2021-11-13 15:32:55+00:00
0x97d2767db42135e1e2a5fd7dd3e11646ef4d2b28,211,18,193,0.0853,2,83838.0,0.084518,0,30,0.1667,2020-09-07 22:43:15+00:00,2023-11-22 05:31:47+00:00
0x22a8490d883ca52e22d916f7f6e4a33374ad356d,98,29,69,0.2959,6,198724.0,0.617019,4,6,0.0,2021-10-24 03:41:12+00:00,2024-06-25 16:51:11+00:00
0xdba0daa1a4793500dca85aac03f7b2a2173079c3,151,5,146,0.0331,1,168826.0,0.053598,0,39,0.0256,2021-07-20 00:39:42+00:00,2022-10-27 03:19:11+00:00
0x6f16717cb8972e8441f6185d9f8f9259a72e768b,666,73,593,0.1096,3,131215.0,0.754567,6,260,0.0692,2021-04-18 16:35:07+00:00,2023-02-18 00:17:59+00:00
0x6dacc92a335dfcc58d65e4e8aa35a344f73c52b9,345,50,295,0.1449,3,49709.0,0.257962,5,73,0.1096,2021-01-21 01:42:41+00:00,2023-01-13 21:47:11+00:00
0x3af01c351d96b6f341b0c7328a9a83a2adb2b5b5,35,2,33,0.0571,1,23410.0,0.002224,0,17,0.0,2020-10-03 00:13:02+00:00,2022-04-24 23:59:12+00:00
0xe5d7c1b4ad76ad0e5a39096ce9894f68c96e285b,0,0,0,0.0,0,0.0,0.0,0,0,0.0,,
0x89621b037cdaf3629ab9aa6079fc0bd77dab46fe,176,30,146,0.1705,3,96882.0,0.337843,2,17,0.2941,2020-08-03 23:57:41+00:00,2023-12-14 18:14:59+00:00
0xbb02b1b914590f69e9f1942d205f77276b4b3ca9,1325,231,1094,0.1743,11,63023.0,1.879491,18,368,0.1495,2020-06-29 14:42:23+00:00,2022-04-09 11:28:35+00:00
0xfaaa76f91bccc0cd2110cb40d4e0bd892586c3b6,475,52,423,0.1095,3,147498.0,0.549299,4,19,0.0,2021-01-31 02:21:28+00:00,2023-10-23 21:56:59+00:00
0x48dbb9b7b562acf3c38e53deaff4686e24c3d85d,263,57,206,0.2167,5,59075.0,0.419594,5,61,0.1967,2020-08-02 04:08:15+00:00,2023-04-15 16:13:59+00:00
0x0008d343091ef8bd3efa730f6aae5a26a285c7a2,0,0,0,0.0,0,0.0,0.0,0,0,0.0,,
0x7a1bcb582fbdfb6fae842905eabaed6c1992b349,1360,157,1203,0.1154,5,162374.0,2.533321,14,184,0.0761,2021-10-18 19:44:09+00:00,2023-04-13 20:38:47+00:00
0xafca8e2986d7f2df9e5bd06c7fde76988fbaf816,78,13,65,0.1667,4,125648.0,0.228256,2,14,0.2857,2021-08-10 11:39:26+00:00,2022-02-12 18:01:58+00:00
0xc017ce2d05584bf317993f334c43fd34fdf9919e,367,78,289,0.2125,11,97658.0,0.903182,9,125,0.184,2021-05-13 04:36:46+00:00,2022-07-24 17:47:12+00:00
0x05f9f41d10fd32d97e73fadaf6edd42c227afd31,16,2,14,0.125,1,193828.0,0.04421,0,0,0.0,2021-08-09 15:20:06+00:00,2023-10-22 22:07:59+00:00
0x1883de0bb32f77a449e78f9fb41794be7fb7e6ef,6,0,6,0.0,0,0.0,0.0,0,0,0.0,2021-11-10 23:23:52+00:00,2021-11-16 20:19:43+00:00
0xad9d8630fad580b12cd51efa31ce185d95454ee3,112,8,104,0.0714,1,192166.0,0.139168,0,0,0.0,2021-03-09 02:04:45+00:00,2022-04-07 04:08:47+00:00
0x90c5ca57def96cf5c651333d2033b8b16cc138cb,1139,138,1001,0.1212,6,201098.0,1.080453,12,150,0.04,2021-08-23 00:28:53+00:00,2024-01-04 14:32:59+00:00
0x27239549dd40e1d60f5b80b0c4196923745b1fd2,0,0,0,0.0,0,0.0,0.0,0,0,0.0,,
0x3df37474ffb9969857cefe902b35658ba925d00f,833,78,755,0.0936,4,161895.0,0.872755,3,51,0.1176,2021-10-07 06:12:11+00:00,2023-01-06 17:08:47+00:00
0x71bf6fbdd52b677ceb7138c6a7a9ac61cbd527aa,102,6,96,0.0588,2,126484.0,0.066663,0,19,0.0526,2021-03-25 05:19:55+00:00,2022-01-10 17:17:42+00:00
0xba885141c07a7f4e440bbe05bad50bafa53fa3cc,335,57,278,0.1701,5,80065.0,0.467699,5,25,0.0,2020-11-30 08:24:53+00:00,2023-03-07 00:58:23+00:00
0x6772baa3f01e33b6e043aa6c85f1f5ee76182126,71,5,66,0.0704,1,78514.0,0.079956,0,9,0.1111,2021-01-23 17:12:52+00:00,2025-09-24 20:56:59+00:00
0x82432ff8c8f73bc3a109c7190a1ed82961535196,321,66,255,0.2056,5,99937.0,0.262355,4,63,0.1905,2020-10-25 19:04:53+00:00,2024-02-27 01:37:59+00:00
0xb67af7797fa7e9edc6ff54257152957dfde31621,0,0,0,0.0,0,0.0,0.0,0,0,0.0,,
0xa3b40f5f9eb7204ffa7690829b4ad8d19767688f,330,54,276,0.1636,3,102423.0,0.476412,3,75,0.16,2020-08-10 18:49:15+00:00,2023-01-17 01:08:23+00:00
0xb53ad5af0d1a67b2f528d6724ff2c5594c8db3ad,197,28,169,0.1421,2,127476.0,0.496483,0,17,0.1765,2021-10-04 23:08:26+00:00,2023-11-01 18:38:23+00:00
0xe6d4c494a1815361985a70c9f7b6a46e6a15793d,198,29,169,0.1465,3,119243.0,0.425798,1,17,0.4118,2021-03-18 16:31:59+00:00,2022-12-31 17:13:59+00:00
0xfcf6a3d7eb8c62a5256a020e48f153c6d5dd6909,6969,968,6001,0.1389,9,83383.0,17.092264,158,300,0.1,2021-07-17 06:12:42+00:00,2021-11-24 13:17:56+00:00
0x478bb542f7658d635abba67edb987806dff5b83d,1512,142,1370,0.0939,7,80289.0,1.091511,13,230,0.0783,2021-03-10 06:13:52+00:00,2024-02-08 03:55:23+00:00
0x28473085ba4aa761eb541914f50a75dd685cd47b,135,12,123,0.0889,3,59894.0,0.109318,2,9,0.1111,2021-05-02 15:39:58+00:00,2024-03-28 12:55:11+00:00
0x16b7f3ec0a94cb2f10a13f878f04273dfcd67b4e,2,1,1,0.5,1,23803.0,0.002883,0,0,0.0,2021-11-13 02:43:23+00:00,2021-11-13 03:15:52+00:00
0x1e11547c517040e377857223409fa47362ed17fe,12,1,11,0.0833,1,24940.0,0.00184,0,1,0.0,2021-11-10 05:42:34+00:00,2022-08-10 04:02:23+00:00
0x5a2f09250cd001b56e04763008dc262443f961ac,39,6,33,0.1538,2,97704.0,0.064293,0,0,0.0,2021-10-31 02:42:06+00:00,2023-01-29 18:40:11+00:00
0x949f5a14f810a9c7cdb587282f0797f74e3f3831,36,6,30,0.1667,3,70546.0,0.206292,1,12,0.0833,2021-11-12 23:47:28+00:00,2023-03-02 04:38:47+00:00
0x0e4d72e37f8fa8dd87ed518f41f94f02d5a938e1,18,7,11,0.3889,4,360876.0,0.399496,1,9,0.6667,2021-11-10 04:55:50+00:00,2021-11-16 04:57:15+00:00
0x4424f36351ad735feac6dac650613648fb48b20b,3,0,3,0.0,0,0.0,0.0,0,0,0.0,2021-11-11 04:24:47+00:00,2022-08-05 09:10:41+00:00
0x4024e0d86379f53745339b3f9024b4ebc3992c17,1714,330,1384,0.1925,6,106793.0,3.244249,54,403,0.1935,2021-04-16 15:48:31+00:00,2022-11-08 16:46:23+00:00
0x7c291eb2d2ec9a35dba0e2c395c5928cd7d90e51,0,0,0,0.0,0,0.0,0.0,0,0,0.0,,
0x8ad7257c11f6566949bcab0f74744521ef70eefb,10,0,10,0.0,0,0.0,0.0,0,1,0.0,2021-04-18 05:58:25+00:00,2021-11-13 03:10:53+00:00
0x572b24e597ebae8c7d43ea4ae82ec14f768986fe,2,1,1,0.5,1,24038.0,0.004689,0,0,0.0,2021-11-13 03:37:44+00:00,2021-11-13 03:39:48+00:00
0x0c0fae6fa102816630c964be183e27be79e24dd9,203,21,182,0.1034,4,119249.0,0.372561,3,38,0.0263,2021-09-23 01:50:55+00:00,2022-07-20 18:59:06+00:00
0x66f024c0a38efcc8cd6b951e1e3354a385061057,129,13,116,0.1008,3,118923.0,0.149406,0,6,0.0,2021-09-19 11:19:04+00:00,2023-09-02 00:19:11+00:00
0x2ec6568540796607ffb28c1e63d9160f44df9a95,40,7,33,0.175,4,61156.0,0.068342,1,9,0.3333,2020-08-21 02:40:04+00:00,2022-12-14 09:07:35+00:00
0xa29d86e0b97090fd8823117383ea125637b2e479,17,1,16,0.0588,1,23423.0,0.002904,0,0,0.0,2020-12-23 06:35:17+00:00,2021-11-13 03:07:10+00:00
0xd9aee99512f17eed4f16ec03beb486e637ed19d8,16,2,14,0.125,1,106322.0,0.050281,0,5,0.0,2021-11-09 00:27:56+00:00,2021-11-13 03:22:26+00:00
0x89244834b6defbfa8698cf52d4143c84f35a6c20,80,13,67,0.1625,5,265787.0,0.558494,1,5,0.0,2021-05-11 19:00:22+00:00,2024-06-14 05:24:23+00:00
0x94ef50afac9c04572813f36fb8d676eb400de278,330,64,266,0.1939,4,144600.0,2.272852,5,22,0.1364,2021-05-12 01:14:42+00:00,2024-01-02 01:43:23+00:00
0x96c195f6643a3d797cb90cb6ba0ae2776d51b5f3,344,11,333,0.032,2,180868.0,0.165268,0,49,0.0816,2021-08-22 13:09:41+00:00,2022-12-31 11:38:11+00:00
0xf352a5d64432d4a73449595b1ef430be05073097,306,41,265,0.134,3,104370.0,0.418538,2,73,0.1507,2021-04-10 10:43:56+00:00,2022-10-15 12:40:23+00:00
0x363e86370fd257e9839de7273f19c108e3e3510e,144,16,128,0.1111,5,216305.0,0.259597,2,1,0.0,2021-03-18 10:18:13+00:00,2023-12-15 17:55:47+00:00
0xe7342fd8bd5894537a02bfab3e6df2ac64a8ea22,293,38,255,0.1297,2,63549.0,0.189992,1,98,0.0714,2021-03-11 21:52:17+00:00,2022-06-21 06:47:58+00:00
0xf839be76b49d329886216a024a7d3ea2a3ca2ce0,34,4,30,0.1176,1,228928.0,0.124803,0,7,0.1429,2021-10-30 04:53:56+00:00,2024-04-29 18:48:59+00:00
0x109135c783ed5eaa97d5e9a837fd1a40ed21716a,35,3,32,0.0857,2,107939.0,0.013122,0,0,0.0,2021-11-10 23:40:08+00:00,2024-06-13 03:50:23+00:00
0xa56595523686c3d4d8bef599c6400fa5f92e2f8e,248,41,207,0.1653,5,40789.0,0.069866,5,41,0.1951,2020-06-07 08:11:14+00:00,2020-09-17 11:57:51+00:00
0x1a0ad60a379de1ed6a4e522e30cfeef1aa8a21ce,912,74,838,0.0811,3,51400.0,0.483178,5,332,0.0753,2020-07-05 11:46:42+00:00,2022-11-08 06:09:35+00:00
0xdd9f24efc84d93deef3c8745c837ab63e80abd27,0,0,0,0.0,0,0.0,0.0,0,0,0.0,,
0x0621180ed9aa37dd3b31d6520dd89392ac1372be,17,7,10,0.4118,3,31523.0,0.038128,1,4,0.25,2021-11-12 22:11:06+00:00,2021-11-14 09:00:20+00:00
0x4c73078ac59e1ac3a6c6e271917e397f45662a01,486,68,418,0.1399,4,195089.0,1.833271,8,102,0.0882,2021-05-07 01:11:54+00:00,2022-08-29 13:14:26+00:00
0xc84449d779b87ebf0cb02f913cdf320c59ef26df,173,11,162,0.0636,4,31411.0,0.049409,1,38,0.0789,2020-09-01 23:39:59+00:00,2024-12-22 12:18:59+00:00
0x40b6df5f6217fb1a1beaf8fdbb9572304aa78c4d,39,5,34,0.1282,1,124819.0,0.091554,0,0,0.0,2021-09-07 10:42:40+00:00,2022-06-15 04:18:34+00:00
0xeb1df59ce4e7a97c482a5a9f2d46610582466944,96,5,91,0.0521,1,84014.0,0.032084,0,7,0.0,2021-06-29 12:59:08+00:00,2021-12-05 07:42:38+00:00
0x3680eaf1f85bec9f120bcaaa9ef469fb849e1781,17,0,17,0.0,0,0.0,0.0,0,0,0.0,2021-11-13 02:39:31+00:00,2025-04-15 01:38:47+00:00
0x297b3c4b8bb87e671d31c475c5dbe434e24dfc1f,70,14,56,0.2,2,54323.0,0.042644,1,23,0.1304,2020-08-27 14:31:12+00:00,2022-07-06 21:40:28+00:00
0x6a815735471dbd0f85c51b115b728a247abe0cf4,458,46,412,0.1004,4,85992.0,2.172404,3,179,0.0447,2020-08-07 18:12:32+00:00,2025-08-15 05:52:11+00:00
0x8e68d58c70bd63a7a632dfcfde5019ac6d9e9fab,18,14,4,0.7778,10,94604.0,0.219226,2,0,0.0,2021-07-31 00:34:48+00:00,2021-11-13 03:57:12+00:00
0xccbf87a238391f752d594cf9407099456053fa02,543,72,471,0.1326,5,78795.0,0.390026,5,54,0.1481,2020-08-23 06:31:54+00:00,2025-09-03 08:54:59+00:00
0x5de5504a3a9c99b154a6912c4dd5cac14071f864,110,20,90,0.1818,3,79342.0,0.15901,1,18,0.1667,2021-01-30 19:09:55+00:00,2022-05-28 23:58:12+00:00
0x7dc62ca6e3643d1d0b3aca72bf71f5b4e8767cbe,17,2,15,0.1176,1,31477.0,0.006974,0,4,0.0,2021-11-13 00:13:52+00:00,2023-09-06 23:31:23+00:00
0x484f2bfe6ea59d667fd5cb29ed259329180d0507,627,74,553,0.118,3,170747.0,1.326372,7,62,0.1129,2021-10-27 00:07:53+00:00,2022-12-29 18:46:47+00:00
0x1d2ff24d9bf3b6ea2fae266f69ee63c8af9b35d3,1,0,1,0.0,0,0.0,0.0,0,0,0.0,2021-11-13 03:57:12+00:00,2021-11-13 03:57:12+00:00
0x4d928359e8556197f161f4927a928dfde9c3d1a8,990,197,793,0.199,8,118650.0,5.32205,23,180,0.0889,2020-08-31 10:07:38+00:00,2024-03-10 09:59:59+00:00
0x82574dd376cd0ede9aa2b954d287546513c9d9d0,96,17,79,0.1771,4,60243.0,0.06263,0,19,0.1579,2020-08-04 05:21:52+00:00,2024-12-11 19:53:23+00:00
0xff8a662fab0745a5032ccf326fd14b235fa88c2b,1245,276,969,0.2217,9,41683.0,1.499169,37,251,0.1753,2020-07-12 02:17:25+00:00,2023-03-16 11:13:11+00:00
0xeac063197cc650e8230f86315e9df703574e9a39,35,0,35,0.0,0,0.0,0.0,0,1,0.0,2021-08-15 17:30:14+00:00,2022-09-06 07:27:10+00:00
0x95346e29fbee4c60bfa00d4e2d1912d579cdc76f,45,7,38,0.1556,2,106763.0,0.15832,0,16,0.1875,2021-05-10 07:42:55+00:00,2025-07-09 21:26:47+00:00
0x32df5c4408a68ee2defb40050ad65a5703f8ee5e,584,58,526,0.0993,2,51375.0,0.325808,2,149,0.0604,2021-01-16 10:11:11+00:00,2022-08-27 10:21:30+00:00
0x50abb229c97968e6c009155eb8e4f60083ef0f3a,39,6,33,0.1538,1,76408.0,0.029541,1,6,0.1667,2021-03-20 16:46:10+00:00,2021-11-14 05:19:25+00:00
0xb66394d57742d89364b6fdfaffee8cd474079887,2,0,2,0.0,0,0.0,0.0,0,0,0.0,2021-08-30 14:00:08+00:00,2021-11-09 13:45:29+00:00
0x825ac5b9f5d3e2f437e6ecdaa60d789ee7f1e357,8,2,6,0.25,1,28826.0,0.008267,0,0,0.0,2021-01-30 17:45:20+00:00,2021-11-13 03:05:09+00:00
0xb0bdeec19b18f274febd954e85238acfd340178a,14,0,14,0.0,0,0.0,0.0,0,0,0.0,2021-05-28 17:51:11+00:00,2021-11-13 03:22:57+00:00
0xfa8a95510087c36151887ba67fd1dadd69c08496,89,8,81,0.0899,1,157804.0,0.09045,0,6,0.3333,2021-09-16 22:46:45+00:00,2024-06-03 04:38:35+00:00
0x256b4fb1ad00a7e6f130beffa33e435eb1f65b74,220,25,195,0.1136,2,181778.0,0.443924,0,8,0.0,2021-06-24 12:59:28+00:00,2023-03-14 22:25:23+00:00
0xb403f791e418e3b7d93c4609c1c4b711061182cd,204,38,166,0.1863,5,254724.0,0.932403,1,1,0.0,2021-09-12 04:31:39+00:00,2024-12-06 12:51:23+00:00
0x9e5434a1193efd56bf17bc56796158862b3c5206,2601,532,2069,0.2045,7,89147.0,3.929945,57,781,0.1665,2020-08-29 21:12:20+00:00,2022-04-06 00:07:27+00:00
0x9465dcbef0deaa126125dba57ff1c0a7bf12af70,325,51,274,0.1569,4,98395.0,0.41226,5,41,0.1951,2020-08-05 06:49:02+00:00,2024-01-06 05:33:35+00:00
0x253855e85708c9697bb79ed3018d23c8a0b69dc9,18,3,15,0.1667,2,31478.0,0.016085,0,1,0.0,2021-09-17 09:51:13+00:00,2022-03-27 02:31:18+00:00
0x4fc3f8c8adfd2f1277761807fb6938d44f88b096,125,14,111,0.112,3,61737.0,0.049074,1,8,0.125,2020-09-28 21:13:02+00:00,2023-02-23 17:21:47+00:00
0xa4e7420f785a31a1e129904d06044b7ee180881a,17,3,14,0.1765,1,148981.0,0.077633,0,1,0.0,2020-08-01 14:33:26+00:00,2022-01-29 04:06:14+00:00
0x0c08d8247a728aa496475c4dfae092765bb57ccf,1107,47,1060,0.0425,2,45170.0,0.18037,0,203,0.0443,2020-08-16 06:37:25+00:00,2025-06-13 15:53:47+00:00
0xbf185e1971d974d19cab410f66d28022174ffe46,436,18,418,0.0413,2,111316.0,0.116029,0,17,0.0,2021-11-03 01:06:59+00:00,2024-06-10 03:12:35+00:00
0xd62a66c39d133acb9a6bb8f4397a973afa28b70a,0,0,0,0.0,0,0.0,0.0,0,0,0.0,,
0xa12a918aa308dc665bdf54dfdee3840157354177,153,16,137,0.1046,3,193883.0,0.290419,1,35,0.1429,2020-09-17 15:11:01+00:00,2023-08-02 06:13:47+00:00
0x6f1296139c69af6faf1c25c6edcff9b8fe981470,7,3,4,0.4286,2,262227.0,0.167341,0,0,0.0,2021-11-13 03:19:53+00:00,2021-12-29 14:17:57+00:00
0xaf812e8babab3173edce179fe6fc6c2b1c482e39,165,16,149,0.097,2,89314.0,0.140408,1,24,0.2083,2021-04-20 23:34:05+00:00,2023-11-21 13:14:11+00:00
0xba34819058570d31ed88de9f4a673885cb691b30,78,9,69,0.1154,3,145599.0,0.205199,1,24,0.125,2021-10-25 17:59:04+00:00,2022-12-04 06:35:35+00:00
0xb60c99a0d3192fa7660021d332f4c4820dafab4b,54,11,43,0.2037,4,73851.0,0.103907,1,5,0.4,2020-07-12 20:31:42+00:00,2021-11-13 02:46:56+00:00
0x98dc82470cd96449eff7a21837644e8a0b83f40e,1945,236,1709,0.1213,6,71432.0,2.289808,28,590,0.0864,2020-08-09 22:11:17+00:00,2024-03-25 14:11:35+00:00
0x05b41dc849615bb44161bdb8121478b5c85e1f39,407,43,364,0.1057,4,154842.0,0.55034,3,46,0.0435,2021-03-09 20:38:22+00:00,2023-07-15 18:39:23+00:00
0x22f9dcf4647084d6c31b2765f6910cd85c178c18,0,0,0,0.0,0,0.0,0.0,0,0,0.0,,
0x82b47799859e354eac6dba1d0f6dd5b45124c14b,119,17,102,0.1429,5,182604.0,0.656352,2,14,0.0714,2021-05-04 23:41:34+00:00,2023-03-17 06:19:11+00:00
0x69de5e18113ee6ea8a69cb46cabda371d5e581d6,2206,223,1983,0.1011,4,183124.0,0.743929,30,34,0.0588,2021-10-23 22:45:54+00:00,2023-01-18 20:02:47+00:00
0x5d133b12a68441d115a3cd7bd2fcb208992fc428,1,0,1,0.0,0,0.0,0.0,0,0,0.0,2021-11-13 04:43:53+00:00,2021-11-13 04:43:53+00:00
0xb30a4400e06d47d842df6073598dc6ac066f2d56,11,0,11,0.0,0,0.0,0.0,0,0,0.0,2021-09-02 12:19:49+00:00,2022-09-29 19:50:11+00:00
0x4d03a186b3c7d039ff9a212cd8e81dc34a670b35,73,17,56,0.2329,4,220124.0,0.652515,2,10,0.3,2021-08-25 16:25:18+00:00,2022-02-16 01:00:37+00:00
0x29441dc5aeec920e18533fa007a2d9829f6b46b4,94,21,73,0.2234,4,60062.0,0.11145,1,13,0.0769,2021-04-04 21:18:33+00:00,2022-05-13 01:33:58+00:00
0xf80f6fa4ccb6550c9dc58d58d51fb0928f9b323c,50,8,42,0.16,2,270040.0,0.290013,1,0,0.0,2021-11-12 23:00:34+00:00,2021-11-23 19:57:14+00:00
0x9e17c96cbbe539e17dd75e3639436edaf0af632f,125,25,100,0.2,3,59522.0,0.209367,1,34,0.1765,2020-08-15 02:59:14+00:00,2022-12-06 10:27:59+00:00
0x7e49584d39d3b363a7d789515cea4a48a20bf466,14,1,13,0.0714,1,203224.0,0.019713,0,0,0.0,2021-04-27 20:23:17+00:00,2023-05-05 23:59:47+00:00
0xb2cf89fe5f7ac1f5039ce388f07c3efcae642baa,18,4,14,0.2222,1,60794.0,0.047638,0,3,0.0,2021-10-29 18:23:44+00:00,2022-02-01 04:43:48+00:00
0x57572f650948a21d9576b0b42a0244192ee6db38,70,8,62,0.1143,2,133208.0,0.060105,0,12,0.0,2021-06-04 03:43:50+00:00,2022-11-11 04:28:23+00:00
0x97d7391bdd0ac9f6cbd928f689f577a8b007c849,8,3,5,0.375,2,27513.0,0.010658,0,0,0.0,2021-03-12 00:59:54+00:00,2022-06-11 16:25:52+00:00
0xb4c10663e4fb29f990d6ed681e61dab16bf30ffa,0,0,0,0.0,0,0.0,0.0,0,0,0.0,,
0xf03b5f229a14b53094d9566642fb5e2e7273586d,2587,327,2260,0.1264,8,74386.0,1.828152,24,669,0.1629,2020-09-03 20:35:10+00:00,2024-02-12 20:05:47+00:00
0x958401e52443898129d680fccec3650953781f27,5,1,4,0.2,1,31489.0,0.004919,0,0,0.0,2021-10-02 04:09:07+00:00,2021-11-13 03:54:31+00:00
0x965238d0a7cf3dc69ef12d4f0ca4617e61ede849,53,8,45,0.1509,2,410869.0,0.348761,0,3,0.0,2021-10-10 04:51:08+00:00,2024-04-09 23:16:59+00:00
0x070f40ccce59a4585e00227d9c01c705c6d087be,592,69,523,0.1166,3,53545.0,0.449083,3,228,0.1096,2020-07-24 10:28:09+00:00,2024-07-29 03:13:47+00:00
0x2e12979da9ad061ccc204c00d0e3a477a8cc4aea,1915,115,1800,0.0601,3,140994.0,1.937389,7,637,0.0455,2021-03-27 21:07:14+00:00,2024-10-28 04:06:11+00:00
0x0316d058079080f2d5ecd9dd36b759f2757ed371,42,6,36,0.1429,2,210422.0,0.194931,0,0,0.0,2021-06-27 03:08:12+00:00,2025-08-18 14:51:35+00:00
0xd3401a5d42a06165523499b3d71e6074829e852d,135,7,128,0.0519,2,109138.0,0.066285,0,18,0.0556,2021-06-12 23:14:05+00:00,2025-08-22 03:27:35+00:00
0xe1a4f9521c413d7a5204aede0d80f3dcec37a895,14,1,13,0.0714,1,23423.0,0.003773,0,0,0.0,2021-11-05 15:56:38+00:00,2023-04-25 09:05:59+00:00
0x9b5e9ea1d3b8e0f57fe4dcc4dff2c2b86bb97370,50,4,46,0.08,1,28862.0,0.013681,0,11,0.0,2021-03-02 14:04:33+00:00,2021-11-13 03:07:32+00:00
0x47bc6df2d9a84f1a9c47120402f72310045f3d93,20,6,14,0.3,3,51608.0,0.029001,1,6,0.5,2020-12-02 23:47:24+00:00,2023-11-15 06:37:59+00:00
0xd1ac0e75c931e7e7363d6a9b262699b45d0b3177,340,37,303,0.1088,3,58369.0,0.317394,3,96,0.1042,2020-12-04 04:50:49+00:00,2025-05-10 10:00:59+00:00
0x18175088558795c90466257d23a7e112fe0f8f2a,41,8,33,0.1951,3,413973.0,0.589085,2,4,0.25,2021-11-09 14:49:44+00:00,2022-02-22 21:46:40+00:00
0x307ba97323907ef811f3cc6b4c6ac8580aecb1bb,138,10,128,0.0725,2,93438.0,0.096234,0,23,0.1304,2020-09-05 09:11:48+00:00,2022-06-18 17:42:48+00:00
0x920d5e63ca6b2b2d073680dbc635bad9d57c38cb,121,16,105,0.1322,2,50806.0,0.090597,1,10,0.1,2021-02-08 16:34:54+00:00,2022-04-29 20:58:48+00:00
0x3a2f4cba3dae32cce9e8df6cd0f152e766b34acb,72,11,61,0.1528,2,146324.0,0.175338,0,12,0.0833,2021-10-03 01:24:24+00:00,2021-11-17 02:46:10+00:00
0x0659b5680a005f9123888362a9b054a1fb2a6c30,46,7,39,0.1522,3,73849.0,0.134489,1,11,0.4545,2021-09-10 17:35:59+00:00,2024-03-03 17:51:35+00:00
0xe69b01ceac640ee5431f1e2a88f9e144fb8110d5,246,35,211,0.1423,2,51815.0,0.211002,0,11,0.0,2020-12-23 14:35:58+00:00,2022-07-13 00:55:51+00:00
0x96620cfcb197e28c0e906f6056e1b5c696d08fd1,13,2,11,0.1538,1,27450.0,0.006519,0,0,0.0,2021-10-25 02:54:41+00:00,2021-11-15 14:43:20+00:00
0xe0311c8b2ebe5fa8cdec70593e1e0de8e791c197,1,0,1,0.0,0,0.0,0.0,0,0,0.0,2021-11-13 02:52:19+00:00,2021-11-13 02:52:19+00:00
0x453dccc996adf27fa9fbbfe61318c116ad761177,69,17,52,0.2464,4,246408.0,0.200354,1,0,0.0,2020-12-27 08:47:38+00:00,2024-01-11 00:05:59+00:00
0xda9951c1e95fc456af734840a46d54cc21006129,18,1,17,0.0556,1,31477.0,0.00609,0,1,0.0,2021-11-10 00:39:07+00:00,2022-04-25 10:39:43+00:00
0xe79a0a7e0f37d16884d76bfb2ac796d743a960e2,33,7,26,0.2121,2,162560.0,0.130177,1,0,0.0,2021-09-10 07:53:00+00:00,2023-10-04 01:51:23+00:00
0x60f5a64cfa1342b4992cf7d987675b93feff3520,570,82,488,0.1439,3,86569.0,0.404281,4,131,0.1145,2021-04-04 06:36:30+00:00,2022-12-13 00:35:35+00:00
0xb443e9a42982723ad87f188ee5efcf33a13498cd,134,21,113,0.1567,2,138193.0,0.414033,0,29,0.1034,2021-10-19 21:52:13+00:00,2022-03-08 01:30:32+00:00
0x3d55017098970268414f4b9252fdbe18cd09dcc3,168,111,57,0.6607,82,50150.0,0.498316,7,5,0.8,2021-08-03 11:20:28+00:00,2022-07-29 07:02:30+00:00
0xd16749fc8bf3990198b76300acebfedb6d6db37d,783,88,695,0.1124,6,331043.0,3.493999,7,3,0.0,2021-09-20 16:58:50+00:00,2023-11-25 18:05:35+00:00
0x935df5a7b518307f6a12b3683402e4dbaad55e22,1,0,1,0.0,0,0.0,0.0,0,0,0.0,2021-11-13 03:07:52+00:00,2021-11-13 03:07:52+00:00
0x60517679177e9b9e3012ac191271c358fd9075e9,48,5,43,0.1042,1,226384.0,0.131937,0,8,0.125,2020-12-22 15:52:25+00:00,2021-11-15 02:00:15+00:00
0xb381d2fcb4d15b2c7e4126426eb30489681fd1c7,160,11,149,0.0688,2,141767.0,0.129517,0,17,0.0588,2021-09-09 01:54:58+00:00,2022-04-06 01:46:10+00:00
0x6db8729a311ba4465340e1a5436193dbd6dd92a4,42,1,41,0.0238,1,161400.0,0.011556,0,1,0.0,2021-05-05 16:28:26+00:00,2022-06-13 09:21:04+00:00
0x21c44e22a3a98cb1c76a4d0dab79d2de68848beb,31,1,30,0.0323,1,153494.0,0.017357,0,0,0.0,2021-01-22 19:59:29+00:00,2024-04-08 16:40:11+00:00
0x0ff104944594bbd7aa2953a5bea1dac1c7f330a0,120,11,109,0.0917,2,160988.0,0.059543,0,21,0.0952,2021-01-30 09:40:34+00:00,2025-05-31 20:50:35+00:00
0x30afa1c14df4069a60d89f0cf79a320021767016,56,2,54,0.0357,1,101451.0,0.026564,0,1,0.0,2021-09-02 23:10:27+00:00,2024-12-20 02:10:23+00:00
0x39a22452fed751c7b3fa979f5cec3cf3e5a96489,2,1,1,0.5,1,31477.0,0.004932,0,0,0.0,2021-11-13 03:52:41+00:00,2021-11-13 03:55:33+00:00
0xf30b321970b3a4bba00d068284f9e4c09d2befe1,2260,370,1890,0.1637,11,60927.0,3.276452,47,938,0.1461,2020-07-31 15:57:47+00:00,2022-08-14 22:08:56+00:00
0x9fe9aa7911439e05402f9e816b76d02430821396,93,7,86,0.0753,2,62899.0,0.031781,0,13,0.0,2021-04-18 02:29:11+00:00,2023-01-18 06:13:47+00:00
0x91dc0e3c0647f9b6c0964413887b6e5d86c64da5,248,13,235,0.0524,3,179336.0,0.230707,2,65,0.0308,2021-03-25 15:08:58+00:00,2023-07-13 07:25:23+00:00
0x2dc3c3487d5a3eaaa2eab4dc3eab9fb74433329c,11,0,11,0.0,0,0.0,0.0,0,0,0.0,2021-09-04 17:32:41+00:00,2022-08-10 23:38:35+00:00
0xaf503419d0ac5c3569d89988959f2f055ea170c6,38,4,34,0.1053,1,77748.0,0.036907,0,3,0.3333,2021-08-28 06:28:23+00:00,2023-12-06 04:12:59+00:00
0xa14964479ebf9cd336011ad80652b08cd83dfe3a,1821,517,1304,0.2839,10,54801.0,4.571531,65,436,0.2982,2020-09-27 18:19:50+00:00,2024-04-25 00:15:59+00:00
0x82dbfa74a75086a154f5ba17e7a0a68206dca68e,17,1,16,0.0588,1,31489.0,0.00485,0,3,0.0,2021-10-28 17:03:36+00:00,2022-04-14 14:35:52+00:00
0x7284bfcad25b9d16c5bacf72783c8a16bde5763b,747,73,674,0.0977,3,75970.0,0.438175,6,215,0.0512,2020-08-28 13:39:23+00:00,2023-08-24 19:48:35+00:00
0x73e9411a0e782b62887c6a3423adfafd747301a8,59,7,52,0.1186,2,273633.0,0.327516,0,8,0.125,2021-10-20 22:22:46+00:00,2022-11-23 23:30:23+00:00
0xe02033a66a439f8069986ffcd3d8d876870dd803,0,0,0,0.0,0,0.0,0.0,0,0,0.0,,
0x0496cbad3b943cc246aa793ab069bfc5516961ef,344,77,267,0.2238,5,69334.0,0.647617,5,83,0.2771,2020-08-15 22:53:05+00:00,2024-12-18 21:24:47+00:00
0x2802d9ab64206d8314fd2a8fdee91613e379a46e,22,0,22,0.0,0,0.0,0.0,0,0,0.0,2021-10-31 06:28:22+00:00,2023-05-19 01:23:23+00:00
0x2ac5474496b810e8a43f0515d6061e0b5b6203bc,273,29,244,0.1062,3,55375.0,0.109648,1,31,0.0,2020-10-27 03:05:00+00:00,2025-05-08 06:19:35+00:00
0x5da1d898be9ad259c891642472c13a1232917b91,132,18,114,0.1364,2,273467.0,0.524881,0,4,0.0,2021-09-16 16:54:17+00:00,2022-12-16 23:11:59+00:00
0x9bbe4b6c2468632d96e2da1ede9532e63c9ac2b9,490,44,446,0.0898,2,73020.0,0.497182,0,84,0.1071,2020-08-15 23:00:48+00:00,2025-03-02 02:48:35+00:00
0x08b5d278a116665aeecf16e60f87891abbbe492a,530,58,472,0.1094,5,89955.0,0.591133,5,59,0.1017,2020-08-12 00:37:22+00:00,2023-07-23 13:04:59+00:00
0x80acf6c7cd6075510e0fcd4f9986c77cd60d6253,194,35,159,0.1804,3,81135.0,0.183188,3,1,0.0,2021-03-13 10:18:42+00:00,2025-08-08 20:01:11+00:00
0x757d60fb1d8f5fcbf2b3f3533ccdd8b85143b16c,277,36,241,0.13,5,44602.0,0.109687,4,92,0.0978,2021-03-15 00:43:27+00:00,2022-05-14 13:19:39+00:00
0xb35f1a4333c9a7b7a22fe6b99e73069937b9e22c,65,5,60,0.0769,2,99398.0,0.022561,0,0,0.0,2021-07-09 22:10:09+00:00,2024-12-16 23:53:23+00:00
0x8036cd88376fac53d5583e4e2e1129b2bd4130e8,529,50,479,0.0945,4,84001.0,0.592293,3,92,0.1087,2020-07-13 08:16:56+00:00,2024-05-11 09:10:11+00:00
0x97e9a05948b94e0a619de8c025dd75204da8936c,133,12,121,0.0902,2,238736.0,0.316279,0,1,0.0,2021-04-08 23:59:42+00:00,2025-08-26 16:24:47+00:00
0xe8616eab82aa739e532ab72f75bebb8e3238c583,675,167,508,0.2474,6,191172.0,4.740747,27,179,0.2849,2021-08-09 19:56:03+00:00,2022-04-08 18:35:44+00:00
0x1721e4489fe2b2a9a8c95256028e7f3025c50569,267,28,239,0.1049,3,79998.0,0.345146,2,22,0.0909,2021-04-02 14:42:31+00:00,2025-06-04 07:12:23+00:00
0x013bbcff38f4e875b0218e4eb460e0e7c8ffafc2,48,6,42,0.125,2,130423.0,0.035422,0,6,0.0,2021-02-06 03:25:46+00:00,2022-11-30 21:27:59+00:00
0x97df501354ba30868c93ffb113d9ce675c7e5929,244,11,233,0.0451,2,174631.0,0.197556,0,11,0.0909,2021-06-21 11:16:02+00:00,2024-09-08 12:50:11+00:00
0x26c6b2de47b2129fedb4657c610e4b176cf5f294,35,5,30,0.1429,2,54058.0,0.023275,0,9,0.1111,2020-09-01 19:08:34+00:00,2024-03-02 18:03:47+00:00
0x26fcdff52bbbc757b1fa0d001ee0103feb614770,7,0,7,0.0,0,0.0,0.0,0,0,0.0,2021-11-06 08:40:18+00:00,2021-12-30 01:09:59+00:00
0xdb58d868b2838f9d23af343c839e2e9ce6d5b3ab,7,0,7,0.0,0,0.0,0.0,0,3,0.0,2021-11-11 05:54:48+00:00,2021-11-13 02:54:12+00:00
0x6c5d86dfafd74031ea5ea1c7315c8010304df411,2859,568,2291,0.1987,9,123064.0,7.938539,73,331,0.2266,2021-01-10 09:34:33+00:00,2024-01-10 19:53:11+00:00
0x269438211b843affc5c944be4ca122ccd3ca2c92,57,4,53,0.0702,2,115719.0,0.113262,0,1,0.0,2021-09-24 07:15:20+00:00,2022-05-11 13:31:42+00:00
0xf546a894dd972e977fdf51f73c3580b8aba730aa,65,7,58,0.1077,1,105661.0,0.092382,0,6,0.1667,2021-07-01 19:02:15+00:00,2022-01-10 14:53:09+00:00
0x0e3665f48425fdab08f9c1bc5e00e3628ceefc14,598,45,553,0.0753,3,148807.0,0.35795,1,69,0.0725,2021-01-14 22:51:49+00:00,2024-02-05 16:47:11+00:00
0x3407e0471c74b816094b454c485573e676085b30,224,15,209,0.067,7,123170.0,0.144861,2,9,0.0,2021-07-22 22:49:11+00:00,2023-08-09 15:38:35+00:00
0xbd0f2a69d15d17d19ca4703f17d2ba1c432893dd,69,1,68,0.0145,1,170760.0,0.024945,0,14,0.0714,2021-07-25 03:25:08+00:00,2022-12-30 02:36:47+00:00
0x2d283d1d5509ae65d2b7d75ed06be09389532767,185,49,136,0.2649,4,62301.0,0.51688,5,67,0.1493,2020-07-26 23:12:06+00:00,2021-12-28 07:17:16+00:00
0xb0f7150808be601981137f9ec7cd9614a37fe076,306,29,277,0.0948,2,133122.0,0.144178,1,3,0.0,2021-09-10 02:16:34+00:00,2022-11-02 04:11:59+00:00
0x5523f46cc1e83784c8cce92c9a98b725129b0879,205,23,182,0.1122,2,87508.0,0.235595,1,62,0.129,2020-11-26 12:49:34+00:00,2022-09-11 15:34:25+00:00
0xd1b1bbd762c9091aef7b68510971be5862fb1a79,365,56,309,0.1534,7,37098.0,0.233603,5,35,0.0,2021-01-26 11:19:16+00:00,2023-11-23 10:35:59+00:00
0x9b1f4d0125208a794d5e8234164def41ce662ae7,58,4,54,0.069,2,27986.0,0.022431,0,0,0.0,2021-11-13 01:43:27+00:00,2025-01-26 15:15:11+00:00
0xa0f158b299bf0286360515133ad8142a95abb446,32,0,32,0.0,0,0.0,0.0,0,0,0.0,2021-11-11 10:13:31+00:00,2024-10-08 03:55:23+00:00
0x9fec6df625f399673cb166fc00637e89dc10b42e,11,1,10,0.0909,1,143793.0,0.015803,0,3,0.0,2021-11-10 04:02:14+00:00,2021-11-27 08:09:35+00:00
0xef2aa50b46d5f78a80fc96385275a8dfd82ead8c,104,15,89,0.1442,4,140271.0,0.291306,2,4,0.0,2021-09-03 14:27:42+00:00,2025-08-21 10:34:47+00:00
0xe0c484c905da1488700270f8398419d8b84915b5,13,4,9,0.3077,2,197010.0,0.11371,0,0,0.0,2021-06-29 20:35:17+00:00,2022-06-09 18:43:20+00:00
0xbcd52b07fad11ff44cc44f3496315c0c058c2213,410,95,315,0.2317,4,71063.0,0.440975,11,133,0.2857,2020-07-31 08:32:57+00:00,2024-12-02 10:22:23+00:00
0x9d5aeab28cfefc8d04de184670bf259fe2c7d3b5,538,65,473,0.1208,8,79919.0,0.345173,2,188,0.1489,2021-03-30 12:16:22+00:00,2025-01-07 23:51:11+00:00
0x3ac618dcb800e733b0c390a23de4aa796927a9b7,190,27,163,0.1421,3,46913.0,0.278682,3,74,0.1486,2020-08-06 02:56:51+00:00,2022-11-24 01:32:23+00:00
0x000000000000000000000000000000000000dead,0,0,0,0.0,0,0.0,0.0,0,0,0.0,,
0xffd971d72f77fefcee7f450eb90a828296e6fd6f,77,4,73,0.0519,1,128852.0,0.065508,0,6,0.1667,2021-07-28 07:35:45+00:00,2024-04-15 07:29:11+00:00
0xc41e114ae06e1dcb884d9ff25c4937a3f85abe9f,68,4,64,0.0588,1,86146.0,0.045489,0,0,0.0,2021-03-22 04:20:18+00:00,2024-12-31 18:46:11+00:00
0x7b64f0d61072d6a62e7f27b54bf60af172743bde,189,15,174,0.0794,3,107985.0,0.202732,1,24,0.1667,2021-08-18 10:18:23+00:00,2023-02-22 01:56:11+00:00
0x9008d19f58aabd9ed0d60971565aa8510560ab41,0,0,0,0.0,0,0.0,0.0,0,0,0.0,,
0x1e8ebaa6d9bf90ca2800f97c95afedd6a64c91e2,1385,172,1213,0.1242,5,206790.0,1.668907,11,42,0.0952,2021-07-26 19:32:42+00:00,2025-03-13 05:56:11+00:00
0xa468a7aaac6d25acacb41134497ad354227c8219,14,1,13,0.0714,1,31447.0,0.004482,0,2,0.0,2021-11-10 07:30:20+00:00,2022-05-24 09:51:05+00:00
0x806148a2bb53ad7a0766abd83b94d7809e5e9c89,223,36,187,0.1614,3,49893.0,0.105429,2,46,0.1739,2020-09-14 18:33:42+00:00,2023-04-18 21:10:23+00:00
0x1f779f65fb63c175afc1bbfd640c739bd5f2a1f2,2,1,1,0.5,1,31489.0,0.01105,0,0,0.0,2021-11-13 03:26:42+00:00,2021-11-13 03:29:27+00:00
0xbe75ac882a937a1b52567649790b1570172c5517,15,3,12,0.2,2,87554.0,0.032312,0,6,0.1667,2021-11-12 11:06:34+00:00,2021-12-11 15:24:43+00:00
0x110aed7a5b1a0303084760b46a6bda6a9e676a50,20,7,13,0.35,4,35514.0,0.005496,1,3,0.0,2021-03-28 02:45:37+00:00,2021-12-09 02:07:22+00:00
0x4176206dabd562d9c1c61072a3bea62400f735d6,4,3,1,0.75,3,36694.0,0.017581,1,0,0.0,2021-11-13 02:55:59+00:00,2021-11-13 02:59:09+00:00
0x107b7b0e4fe6da8b23dc8f24723ce854f88d0ee1,4,2,2,0.5,2,31477.0,0.010147,0,0,0.0,2021-11-13 03:18:26+00:00,2021-11-13 03:50:59+00:00
0x220bda5c8994804ac96ebe4df184d25e5c2196d4,0,0,0,0.0,0,0.0,0.0,0,0,0.0,,
0xccd850fc161debee12899542d7c975a2b61fffad,45,3,42,0.0667,1,126406.0,0.052191,0,4,0.0,2021-01-24 22:58:20+00:00,2023-05-11 21:02:23+00:00
